#,RetTime [min],Type,Width [min],Area [pA*s],Height [pA],Area %
1,6.536,BB,0.1845,1.20058,0.0943474,0.01039
2,7.684,BB,0.2145,11377.0,837.23309,98.44375
3,11.142,BB,0.1461,11.15309,1.1017,0.09651
4,13.808,BV,0.096,3.03348,0.465883,0.02625
5,14.127,VB,0.11,20.81106,2.96095,0.18008
6,16.032,BB,0.0923,86.70238,13.99953,0.75023
7,19.574,BV,0.0834,38.14814,7.49724,0.33009
8,19.783,VB,0.0863,18.80468,3.30835,0.16271
