#,RetTime [min],Type,Width [min],Area [pA*s],Height [pA],Area %
1,7.684,BB,0.2266,13266.3,928.92279,96.15416
2,11.131,BB,0.1518,14.73297,1.43424,0.10678
3,13.769,BV,0.0967,163.8026,26.28843,1.18724
4,14.114,VB,0.1114,52.24137,7.30659,0.37865
5,16.026,BB,0.0986,85.453,13.36042,0.61936
6,19.77,BB,0.0793,214.37695,42.1927,1.55381
