#,RetTime [min],Type,Width [min],Area [pA*s],Height [pA],Area %
1,5.614,BV,0.2618,3.46997,0.170208,0.00256
2,6.341,VB,0.3415,10.3011,0.409474,0.0076
3,8.2,BV,0.33,133890.0,4975.1665,98.80504
4,8.914,VB,0.0696,379.4556,82.59138,0.28002
5,13.779,BV,0.0782,148.68742,29.80508,0.10973
6,14.189,VB,0.1016,6.17222,0.88239,0.00455
7,16.079,BB,0.0824,1008.47131,188.67879,0.74421
8,19.794,BB,0.076,62.72746,13.05731,0.04629
