#,RetTime [min],Type,Width [min],Area [pA*s],Height [pA],Area %
1,7.691,BB,0.2038,13364.4,1054.94934,96.1059
2,11.119,BB,0.1345,44.19264,5.02936,0.3178
3,13.801,BV,0.092,2.70861,0.438881,0.01948
4,14.11,VB,0.0977,202.92033,32.13523,1.45924
5,16.03,BB,0.0934,73.97803,12.43939,0.53199
6,19.773,BB,0.0774,217.71027,44.25981,1.56559
