#,RetTime [min],Type,Width [min],Area [pA*s],Height [pA],Area %
1,6.516,BB,0.3398,1.77102,0.0671191,0.01438
2,7.686,BB,0.2014,12143.1,948.48462,98.61645
3,11.132,BB,0.1403,16.48627,1.77605,0.13389
4,13.808,BV,0.0936,2.6789,0.424848,0.02176
5,14.13,VB,0.1036,12.85776,1.88478,0.10442
6,16.028,BB,0.0931,119.38286,20.16058,0.96953
7,19.585,BV,0.0792,11.21395,2.21009,0.09107
8,19.795,VB,0.0952,5.97221,0.926951,0.0485
