#,RetTime [min],Type,Width [min],Area [pA*s],Height [pA],Area %
1,7.691,BB,0.1991,13425.5,1064.72644,93.77874
2,11.111,BB,0.132,213.254,24.89074,1.4896
3,13.78,BV,0.0867,21.36694,3.73467,0.14925
4,14.113,VB,0.0968,517.84491,82.94109,3.61721
5,16.029,BB,0.0937,77.83308,13.03429,0.54367
6,19.775,BB,0.0786,60.34567,12.00942,0.42152
