#,RetTime [min],Type,Width [min],Area [pA*s],Height [pA],Area %
1,6.542,BB,0.2735,2.27933,0.117906,0.02
2,7.685,BB,0.2145,11217.7,825.57196,98.43069
3,11.144,BB,0.1515,11.10487,1.08387,0.09744
4,13.811,BV,0.0958,2.94232,0.453088,0.02582
5,14.13,VB,0.107,20.60301,2.89499,0.18078
6,16.035,BB,0.0931,85.81041,13.69592,0.75295
7,19.576,BV,0.0797,37.63084,7.35208,0.3302
8,19.785,VB,0.0863,18.47605,3.24904,0.16212
