#,RetTime [min],Type,Width [min],Area [pA*s],Height [pA],Area %
1,5.607,BB,0.2386,2.6365,0.14606,0.00197
2,8.187,BVR,0.3298,131997.0,4970.83545,98.7573
3,8.913,VBE,0.3608,25.96371,0.878573,0.01943
4,13.772,BV,0.0771,304.91064,62.25514,0.22813
5,14.154,VB,0.084,50.94959,9.28775,0.03812
6,16.074,BB,0.0813,1017.51746,193.69237,0.76129
7,19.789,BB,0.0745,258.991,55.49227,0.19377
