#,RetTime [min],Type,Width [min],Area [pA*s],Height [pA],Area %
1,7.695,BB,0.2129,13551.9,1007.43439,94.32446
2,11.116,BB,0.1407,497.96469,55.4972,3.46595
3,13.776,BV,0.0933,67.10664,11.29133,0.46708
4,14.138,VB,0.1122,8.65318,1.14509,0.06023
5,16.028,BB,0.0941,182.94215,30.44072,1.27332
6,19.776,BB,0.0796,58.75882,11.50746,0.40897
