#,RetTime [min],Type,Width [min],Area [pA*s],Height [pA],Area %
1,7.776,BB,0.2981,13448.3,637.55151,93.7802
2,11.186,BB,0.1892,211.99756,16.14629,1.47834
3,13.87,BVE,0.0896,20.10561,3.57745,0.1402
4,14.171,VBR,0.1224,522.12073,64.53946,3.64094
5,16.071,BB,0.1166,77.20329,9.72979,0.53837
6,19.803,BB,0.0907,60.50946,10.57651,0.42195
