,name,6.4_Peak_Area,6.4_actual-RT,7.6_Peak_Area,7.6_actual-RT,11.1_Peak_Area,11.1_actual-RT,13.8_Peak_Area,13.8_actual-RT,14.1_Peak_Area,14.1_actual-RT,16.0_Peak_Area,16.0_actual-RT,19.5_Peak_Area,19.5_actual-RT,19.7_Peak_Area,19.7_actual-RT
F-073-90-CL_Evan.D,CL_Evan.D,2.8473,6.514,12253.1,7.677,3.58444,11.153,7.85169,13.782,15.70869,14.117,87.46686,16.019,42.51168,19.562,13.7031,19.774
F-074-90-CL_Evan.D,CL_Evan.D,2.73896,6.514,12270.2,7.674,3.61239,11.151,7.78067,13.78,15.67091,14.115,86.97694,16.017,42.54308,19.559,13.64381,19.772
F-075-90-CL_Evan.D,CL_Evan.D,2.75816,6.521,12283.7,7.675,3.62298,11.157,7.89921,13.784,15.79784,14.119,87.98469,16.021,42.46884,19.563,13.40881,19.775
