,n_samples,5.6_n_samples,5.6_avg_Area,5.6_std_Area,5.6_avg_RT,6.4_n_samples,6.4_avg_Area,6.4_std_Area,6.4_avg_RT,8.1_n_samples,8.1_avg_Area,8.1_std_Area,8.1_avg_RT,8.9_n_samples,8.9_avg_Area,8.9_std_Area,8.9_avg_RT,13.8_n_samples,13.8_avg_Area,13.8_std_Area,13.8_avg_RT,14.1_n_samples,14.1_avg_Area,14.1_std_Area,14.1_avg_RT,16.0_n_samples,16.0_avg_Area,16.0_std_Area,16.0_avg_RT,19.7_n_samples,19.7_avg_Area,19.7_std_Area,19.7_avg_RT
CL_1,10,10.0,2.722588,0.43610560910861945,5.6264,,,,,10.0,131363.7,3837.853411739432,8.1844,10.0,20.326771,6.583339827556299,8.915099999999999,10.0,302.628711,7.964406875894082,13.775400000000001,10,50.837445,1.5683985335000163,14.157500000000002,10,1014.959051,30.077984121689564,16.076999999999998,10,257.98924100000005,7.098318450902931,19.792
CL_2,10,10.0,3.468092,0.18968071661610736,5.6106,10.0,3.272755,0.09129175474816995,6.3518,10.0,129120.8,1847.6867591667155,8.175899999999999,10.0,54.753609,2.0904225267464476,8.9002,10.0,2.3915300000000004,0.06183293669234869,13.808699999999998,10,238.550999,3.53839888531084,14.1482,10,1070.421082,16.029537208542752,16.074,10,526.351981,8.239846466156335,19.793300000000002
CL_3,10,10.0,2.980861,0.19832110268198894,5.6106,,,,,10.0,131752.9,2740.3476221092824,8.1875,10.0,191.822572,3.480990398104539,8.9047,10.0,32.253462,0.6095756753480253,13.781900000000002,10,524.6225479999999,11.373252763165706,14.154600000000002,10,1018.9404429999998,21.423111861939216,16.0758,10,4.900047,0.18193197311357875,19.8175
CL_4,10,10.0,3.7326050000000004,0.21164049089198417,5.6057999999999995,10.0,10.003866,0.21739768136758028,6.338900000000001,10.0,128977.4,2944.3164639691845,8.1755,10.0,366.73475700000006,8.146066607157165,8.897100000000002,10.0,143.26057500000002,2.9902194526029344,13.772300000000001,10,5.802508,0.1929706785395128,14.179999999999998,10,971.3883590000002,22.9917971295001,16.0695,10,60.634961999999994,1.6243162270370872,19.787
