#,RetTime [min],Type,Width [min],Area [pA*s],Height [pA],Area %
1,7.695,BB,0.2187,13573.3,973.02014,93.76762
2,11.119,BB,0.142,215.81407,22.88886,1.4909
3,13.786,BV,0.0959,21.61603,3.50667,0.14933
4,14.119,VB,0.1032,524.99664,77.3561,3.62681
5,16.036,BB,0.0937,78.33807,12.39899,0.54118
6,19.779,BB,0.0806,61.39966,11.82281,0.42416
