#,RetTime [min],Type,Width [min],Area [pA*s],Height [pA],Area %
1,7.683,BB,0.184,12993.2,1148.64807,93.79832
2,11.101,BB,0.1184,205.99211,26.58655,1.48706
3,13.775,BV,0.0873,20.5241,3.78406,0.14816
4,14.106,VB,0.0926,499.50787,84.99709,3.60595
5,16.024,BB,0.085,74.53918,13.38335,0.5381
6,19.772,BB,0.0773,58.51273,11.91447,0.4224
