#,RetTime [min],Type,Width [min],Area [pA*s],Height [pA],Area %
1,5.612,BB,0.2544,2.94952,0.151964,0.00233
2,8.16,BVR,0.3263,124801.0,4753.39404,98.75475
3,8.898,VBE,0.3678,23.73069,0.79599,0.01878
4,13.768,BV,0.0764,288.99255,59.76911,0.22868
5,14.147,VB,0.0877,48.25082,8.83928,0.03818
6,16.065,BB,0.0811,963.63092,184.10416,0.76252
7,19.784,BB,0.0744,246.1328,52.76797,0.19476
