#,RetTime [min],Type,Width [min],Area [pA*s],Height [pA],Area %
1,7.693,BB,0.2082,13341.8,1022.60986,94.3281
2,11.114,BB,0.1336,489.65396,56.24142,3.46191
3,13.774,BV,0.0916,66.15173,11.41136,0.4677
4,14.136,VB,0.1102,8.50775,1.15092,0.06015
5,16.026,BB,0.0922,180.05327,30.79715,1.273
6,19.775,BB,0.0792,57.87011,11.40361,0.40915
