#,RetTime [min],Type,Width [min],Area [pA*s],Height [pA],Area %
1,6.535,BB,0.2607,2.30564,0.117595,0.01999
2,7.682,BB,0.2147,11353.3,814.19244,98.43066
3,11.143,BB,0.1526,11.07227,1.07129,0.09599
4,13.809,BV,0.0976,3.0386,0.456613,0.02634
5,14.128,VB,0.1123,20.86825,2.8889,0.18092
6,16.033,BB,0.0939,86.54988,13.66119,0.75037
7,19.575,BV,0.0802,38.19894,7.40453,0.33118
8,19.784,VB,0.0876,18.97882,3.27718,0.16454
