#,RetTime [min],Type,Width [min],Area [pA*s],Height [pA],Area %
1,7.683,BB,0.2069,13175.7,1018.92389,96.1674
2,11.123,BB,0.1363,14.54132,1.56616,0.10613
3,13.763,BV,0.0907,161.3167,28.22388,1.17743
4,14.108,VB,0.1012,51.7596,7.81817,0.37779
5,16.021,BB,0.0896,84.735,14.21215,0.61847
6,19.765,BB,0.0774,212.74336,43.27682,1.55278
