#,RetTime [min],Type,Width [min],Area [pA*s],Height [pA],Area %
1,7.693,BB,0.2059,13468.0,1047.99426,94.33189
2,11.111,BB,0.1319,494.34756,57.70911,3.46249
3,13.772,BV,0.0901,66.47301,11.72993,0.46559
4,14.133,VB,0.1077,8.50646,1.1855,0.05958
5,16.024,BB,0.0876,181.73024,31.34107,1.27287
6,19.772,BB,0.0784,58.19285,11.62533,0.40759
