#,RetTime [min],Type,Width [min],Area [pA*s],Height [pA],Area %
1,5.611,BB,0.2329,2.92222,0.163166,0.00219
2,8.188,BV,0.334,131771.0,4896.07275,98.66994
3,8.905,VB,0.0721,191.92209,39.92711,0.14371
4,13.782,BV,0.0783,32.29654,6.46478,0.02418
5,14.155,VB,0.083,524.83105,97.14594,0.39299
6,16.076,BB,0.0814,1019.44977,193.68015,0.76336
7,19.818,BB,0.0945,4.8413,0.71954,0.00363
