#,RetTime [min],Type,Width [min],Area [pA*s],Height [pA],Area %
1,5.611,BV,0.2783,3.54736,0.165345,0.00269
2,6.466,VB,0.381,3.32182,0.109793,0.00252
3,8.178,BVR,0.3354,130155.0,4814.02539,98.55124
4,8.902,VBE,0.0767,52.73133,10.13138,0.03993
5,13.808,BB,0.0823,2.39017,0.447759,0.00181
6,14.149,BB,0.0871,240.39226,44.4207,0.18202
7,16.075,BB,0.0818,1079.5387,203.66779,0.81741
8,19.793,BB,0.0749,531.42847,113.03299,0.40239
